-- Q1.2 -- Schema Design
-- Customers
CREATE TABLE customers (
    customer_id VARCHAR(10) PRIMARY KEY,
    customer_name VARCHAR(100) NOT NULL,
    customer_email VARCHAR(100) NOT NULL,
    customer_city VARCHAR(50) NOT NULL
);

-- Products
CREATE TABLE products (
    product_id VARCHAR(10) PRIMARY KEY,
    product_name VARCHAR(100) NOT NULL,
    category VARCHAR(50) NOT NULL,
    unit_price DECIMAL(10,2) NOT NULL
);

-- Sales Representatives
CREATE TABLE sales_reps (
    sales_rep_id VARCHAR(10) PRIMARY KEY,
    sales_rep_name VARCHAR(100) NOT NULL,
    sales_rep_email VARCHAR(100) NOT NULL,
    office_address VARCHAR(200) NOT NULL
);

-- Orders
CREATE TABLE orders (
    order_id VARCHAR(10) PRIMARY KEY,
    customer_id VARCHAR(10) NOT NULL,
    sales_rep_id VARCHAR(10) NOT NULL,
    order_date DATE NOT NULL,
    FOREIGN KEY (customer_id) REFERENCES customers(customer_id),
    FOREIGN KEY (sales_rep_id) REFERENCES sales_reps(sales_rep_id)
);

-- Order Items
CREATE TABLE order_items (
    order_id VARCHAR(10),
    product_id VARCHAR(10),
    quantity INT NOT NULL,
    PRIMARY KEY (order_id, product_id),
    FOREIGN KEY (order_id) REFERENCES orders(order_id),
    FOREIGN KEY (product_id) REFERENCES products(product_id)
);

-- REAL DATA INSERTS (taken from CSV)

INSERT INTO customers VALUES
('C002','Priya Sharma','priya@gmail.com','Delhi'),
('C001','Rohan Mehta','rohan@gmail.com','Mumbai'),
('C006','Neha Gupta','neha@gmail.com','Delhi'),
('C003','Amit Verma','amit@gmail.com','Bangalore'),
('C005','Vikram Singh','vikram@gmail.com','Mumbai');

INSERT INTO products VALUES
('P004','Notebook','Stationery',120),
('P007','Pen Set','Stationery',250),
('P005','Headphones','Electronics',3200),
('P003','Desk Chair','Furniture',8500),
('P006','Standing Desk','Furniture',22000);

INSERT INTO sales_reps VALUES
('SR02','Anil Kumar','anil@company.com','Delhi Office, Connaught Place, New Delhi - 110001'),
('SR01','Sneha Iyer','sneha@company.com','Mumbai HQ, Nariman Point, Mumbai - 400021'),
('SR03','Rahul Das','rahul@company.com','South Zone, MG Road, Bangalore - 560001'),
('SR04','Pooja Nair','pooja@company.com','Chennai Office'),
('SR05','Arjun Patel','arjun@company.com','Ahmedabad Office');

INSERT INTO orders VALUES
('ORD1027','C002','SR02','2023-11-02'),
('ORD1114','C001','SR01','2023-08-06'),
('ORD1153','C006','SR01','2023-02-14'),
('ORD1002','C002','SR02','2023-01-17'),
('ORD1118','C006','SR02','2023-11-10');

INSERT INTO order_items VALUES
('ORD1027','P004',4),
('ORD1114','P007',2),
('ORD1153','P007',3),
('ORD1002','P005',1),
('ORD1118','P007',5);
